<?xml version="1.0" encoding="UTF-8" ?>
<!DOCTYPE struts PUBLIC
    "-//Apache Software Foundation//DTD Struts Configuration 2.0//EN"
    "http://struts.apache.org/dtds/struts-2.0.dtd">

<struts>
    <constant name="struts.devMode" value="true" />
    <constant name="struts.i18n.encoding" value="utf-8" />
    
    <package name="book" extends="struts-default">
    
        <interceptors>
			<interceptor name="authority" class="cn.edu.cdu.ftsoft.interceptor.LoginInterceptor">
			</interceptor>
			<interceptor-stack name="mydefault">
				<interceptor-ref name="defaultStack"></interceptor-ref>
				<interceptor-ref name="authority"></interceptor-ref>
			</interceptor-stack>
		</interceptors>
		
		<global-results>
			<result name="input">/login.jsp</result>
		</global-results>
		
		
        <action name="*" class="cn.edu.cdu.ftsoft.action.BookAction" method="{1}">
            <interceptor-ref name="mydefault"/>
			<result name="success">/bookManage.jsp</result>
			<result name="edit">/edit.jsp</result>
		</action>
		
		      
    </package>
</struts>
