<?xml version="1.0" encoding="UTF-8" ?>
<!DOCTYPE struts PUBLIC
    "-//Apache Software Foundation//DTD Struts Configuration 2.0//EN"
    "http://struts.apache.org/dtds/struts-2.0.dtd">

<struts>
    <constant name="struts.devMode" value="true" />
    <constant name="struts.i18n.encoding" value="utf-8" />
    <include file="lend.xml"></include>
    <package name="default" extends="struts-default">
    
        <interceptors>
			<interceptor name="authority" class="cn.edu.cdu.ftsoft.interceptor.LoginInterceptor">
			</interceptor>
			<interceptor-stack name="mydefault">
				<interceptor-ref name="defaultStack"></interceptor-ref>
				<interceptor-ref name="authority"></interceptor-ref>
			</interceptor-stack>
		</interceptors>
		
		<global-results>
			<result name="input">/login.jsp</result>
		</global-results>
		
		<!-- 用户登录 -->
		<action name="login" class="cn.edu.cdu.ftsoft.action.LoginAction" method="login">
		    <result name="admin">/admin.jsp</result>
			<result name="student">/student.jsp</result>
			<result name="error">/error.jsp</result>
		</action>
		
		<!-- 用户退出 -->
		<action name="logout" class="cn.edu.cdu.ftsoft.action.LogoutAction" method="logout">
		</action>
		
		<!-- 通配符来替代各模块 -->
        <action name="*_*" class="cn.edu.cdu.ftsoft.action.{1}Action" method="{2}">
            <interceptor-ref name="mydefault"/>
			<result name="bookManage">/bookManage.jsp</result>
			<result name="readerManage">/readerManage.jsp</result>
			<result name="edit">/edit{1}.jsp</result>
		</action>
        
        
    </package>
</struts>
