<?xml version="1.0" encoding="UTF-8"?>
<c3p0-config>
  <default-config>
	<property name="driverClass">oracle.jdbc.driver.OracleDriver</property>
	<property name="jdbcUrl">jdbc:oracle:thin:@202.115.82.9:1521/pdbtest</property>
	<property name="user">曹冰武</property>
	<property name="password">123</property>
    <property name="initialPoolSize">10</property>
    <property name="maxIdleTime">30</property>
    <property name="maxPoolSize">100</property>
    <property name="minPoolSize">10</property>

  </default-config>

  

</c3p0-config>