<?xml version="1.0" encoding="UTF-8" ?>
<!DOCTYPE struts PUBLIC
    "-//Apache Software Foundation//DTD Struts Configuration 2.0//EN"
    "http://struts.apache.org/dtds/struts-2.0.dtd">

<struts>
    <constant name="struts.devMode" value="true" />
    <constant name="struts.i18n.encoding" value="utf-8" />
    
    <package name="lend" extends="struts-default">
    
        <interceptors>
			<interceptor name="authority" class="cn.edu.cdu.ftsoft.interceptor.LoginInterceptor">
			</interceptor>
			<interceptor-stack name="mydefault">
				<interceptor-ref name="defaultStack"></interceptor-ref>
				<interceptor-ref name="authority"></interceptor-ref>
			</interceptor-stack>
		</interceptors>
		
		<global-results>
			<result name="input">/login.jsp</result>
		</global-results>
			
		<!-- 查询已借图书 -->
		<action name="selectBook" class="cn.edu.cdu.ftsoft.action.LendAction" method="selectAllLend">
		<interceptor-ref name="mydefault"/>
		<result name="success">/lend.jsp</result>
		</action>
		
		<!-- 某人借书信息 -->
		<action name="selectPersonBook" class="cn.edu.cdu.ftsoft.action.LendAction" method="selectPersonBook">
		<interceptor-ref name="mydefault"/>
		<result name="success">/lendBookQuery.jsp</result>
		</action>
		
	    <!-- 借书 -->
		<action name="lendBook" class="cn.edu.cdu.ftsoft.action.LendAction" method="lendBook">
		    <interceptor-ref name="mydefault"/>
			<result name="success">/lend.jsp</result>
		</action>
		
		
       <!--  <action name="*_*" class="cn.edu.cdu.ftsoft.action.{1}Action" method="{2}">
        <result name="success">/user/Student_list.jsp</result>
        <result name="delete" type="chain">
        <param name="actionName">Student_list</param>要跳转到的包下的action
        </result>
        <interceptor-ref name="mydefault"/>
        </action> -->
        
        
    </package>
</struts>
