<?xml version="1.0" encoding="UTF-8" ?>
<!DOCTYPE struts PUBLIC
    "-//Apache Software Foundation//DTD Struts Configuration 2.0//EN"
    "http://struts.apache.org/dtds/struts-2.0.dtd">

<struts>
    <constant name="struts.devMode" value="true" />
    <constant name="struts.i18n.encoding" value="utf-8" />
    <include file="lend.xml"></include>
    <include file="book.xml"></include>
    <package name="default" extends="struts-default">
		
		<global-results>
			<result name="input">/login.jsp</result>
		</global-results>
		
		<!-- 用户登录 -->
		<action name="login" class="cn.edu.cdu.ftsoft.action.LoginAction" method="login">
		    <result name="admin">/admin.jsp</result>
			<result name="student">/student.jsp</result>
			<result name="error">/error.jsp</result>
		</action>
		
		<!-- 用户退出 -->
		<action name="logout" class="cn.edu.cdu.ftsoft.action.LogoutAction" method="logout">
		</action>
		
     
        
    </package>
</struts>
